domain,post_time,title,rank,subreddit,score,link,comments,submitter,timestamp
i.imgur.com,Mon Dec 1 00:36:08 2014 UTC,If it's stupid and it works it ain't stupid,1,/r/pics,4779,http://i.imgur.com/P4oi23N.jpg,395,XiKiilzziX,2014-11-30 23:00:01
i.imgur.com,Sun Nov 30 23:47:54 2014 UTC,I told my grandad that everyone's on the internet. He said In that case take my picture and tell Charlie Jacobs I said fuck you.,2,/r/funny,4768,http://i.imgur.com/rnd7fPA.jpg,1036,ketchuppacket,2014-11-30 23:00:01
self.Showerthoughts,Sun Nov 30 22:52:40 2014 UTC,When Sweden is playing Denmark it is SWE-DEN. The remaining letters not used is DEN-MARK.,3,/r/Showerthoughts,4652,/r/Showerthoughts/comments/2nvt2q/when_sweden_is_playing_denmark_it_is_sweden_the/,576,vestergaard92,2014-11-30 23:00:01
csmonitor.com,Sun Nov 30 23:47:34 2014 UTC,TIL when Casey Anthony's computer was investigated by computer experts they found 17 vague searches on Internet Explorer suggesting she killed someone which wasn't enough to be found guilty. Later they discovered Casey used Firefox overlooking 1200 searches including fool-proof suffocation,4,/r/todayilearned,3290,http://www.csmonitor.com/USA/Latest-News-Wires/2012/1126/Casey-Anthony-Did-she-do-a-Google-search-for-fool-proof-suffocation,604,Tsukamori,2014-11-30 23:00:01
imgur.com,Sun Nov 30 23:39:38 2014 UTC,a car reversed in my parking lot and it made a cool design in the snow,5,/r/mildlyinteresting,3325,http://imgur.com/ybEBRKX,129,burgerlover69,2014-11-30 23:00:01
zippy.gfycat.com,Sun Nov 30 20:14:23 2014 UTC,A cozy bed on a snowy day,6,/r/gifs,4418,http://zippy.gfycat.com/SecondhandWellwornBluet.gif,630,RoonilWazilbob,2014-11-30 23:00:01
i.imgur.com,Sun Nov 30 20:01:22 2014 UTC,1st True Colour Image of comet 67P emerges,7,/r/space,3799,http://i.imgur.com/xO7GlOj.png,414,ford_beeblebrox,2014-11-30 23:00:01
i.imgur.com,Sun Nov 30 22:17:29 2014 UTC,Yesterday's 8 Player comic hit way too close to home (x-post r/smashbros),8,/r/gaming,2515,http://i.imgur.com/0XckhzK.png,174,Dacvak,2014-11-30 23:00:01
bloomberg.com,Sun Nov 30 23:44:23 2014 UTC,Pixar Disney Lucasfilm others involved in animation industry wage-fixing scandal. Pixar President Ed Catmull: I dont apologize for this.,9,/r/movies,1817,http://www.bloomberg.com/news/2014-11-19/apple-google-no-poaching-evidence-triggers-more-lawsuits.html,364,BoboOrban6,2014-11-30 23:00:01
ncbi.nlm.nih.gov,Sun Nov 30 18:54:07 2014 UTC,New Vaccine Developed to Prevent Lyme Disease,10,/r/science,4389,http://www.ncbi.nlm.nih.gov/pmc/articles/PMC4237411/,798,QuietPhilosopherGirl,2014-11-30 23:00:01
i.imgur.com,Sun Nov 30 21:55:25 2014 UTC,Nothing better than a redhead and a puppy on a Sunday,11,/r/aww,2455,http://i.imgur.com/D1dlb8J.jpg,674,greenicedtea,2014-11-30 23:00:01
self.AskReddit,Mon Dec 1 00:59:07 2014 UTC,[Serious] Parents of Reddit: What is something your child's SO has done to make you not like them?,12,/r/AskReddit,1199,/r/AskReddit/comments/2nw6ih/serious_parents_of_reddit_what_is_something_your/,752,cutiepie36,2014-11-30 23:00:01
ctvnews.ca,Sun Nov 30 20:20:51 2014 UTC,Benedict Cumberbatch has no plans to quit 'Sherlock',13,/r/television,2392,http://www.ctvnews.ca/entertainment/benedict-cumberbatch-has-no-plans-to-quit-sherlock-1.2125993,295,nimobo,2014-11-30 23:00:01
youtube.com,Sun Nov 30 18:47:02 2014 UTC,When I thought this was drama it was scary when I realized it was true it was terrifying. No wonder Micheal Scott hated Tobey.,14,/r/videos,3169,http://www.youtube.com/watch?feature=player_embedded&v=YQ9_2K2_z3A,2057,Wordsworthswarrior,2014-11-30 23:00:01
i.imgur.com,Mon Dec 1 01:15:13 2014 UTC,The Shadow of K2 projected into China across hundreds of miles. (Chris B. Warner) [3072x2304],15,/r/EarthPorn,991,http://i.imgur.com/1mAzNUY.jpg,58,RoonilWazilbob,2014-11-30 23:00:01
imgur.com,Sun Nov 30 17:57:57 2014 UTC,Here's how I made pizza from scratch and I mean SCRATCH (well everything but the tomatoes but don't hold that against me) (26 images),16,/r/food,3392,http://imgur.com/a/Bemvc,661,mattkward,2014-11-30 23:00:01
self.IAmA,Sun Nov 30 19:49:09 2014 UTC,Hi reddit! I'm actor Doug Jones (HELLBOY PAN'S LABYRINTH SILVER SURFER) and soon to be NOSFERATU...joined by director David Fisher. AUA!,17,/r/IAmA,2114,/r/IAmA/comments/2nv95v/hi_reddit_im_actor_doug_jones_hellboy_pans/,384,DougieJones,2014-11-30 23:00:01
seattletimes.com,Sun Nov 30 19:07:57 2014 UTC,[CORRECTION] Washington State police NOT overwhelmed by public requests for dash- and body-cam footage,18,/r/news,2078,http://seattletimes.com/html/localnews/2025067415_spdpubdisclosurexml.html,147,bepdub,2014-11-30 23:00:01
i0.wp.com,Sun Nov 30 16:42:59 2014 UTC,Artist Eirik Solheim took a picture every day for a year and then sliced the photos into 365 pieces and compiled them chronologically into one image,19,/r/Art,3012,http://i0.wp.com/prettyawfulthings.com/wp-content/uploads/2013/08/365-image.jpg,146,lighting92000,2014-11-30 23:00:01
dailystar.com.lb,Sun Nov 30 14:44:12 2014 UTC,An Egyptian court has designated ISIS and all of their affiliates terrorist organizations and banned them in the country.,20,/r/worldnews,4325,http://www.dailystar.com.lb/News/Middle-East/2014/Nov-30/279393-egypt-court-declares-isis-a-terror-group.ashx,652,i_love_fsa,2014-11-30 23:00:01
self.LifeProTips,Sun Nov 30 14:56:33 2014 UTC,LPT: When wearing a tie on a windy day slip a coin down the inside of the hem to keep the tie from blowing all around.,21,/r/LifeProTips,3903,/r/LifeProTips/comments/2nuhgr/lpt_when_wearing_a_tie_on_a_windy_day_slip_a_coin/,779,Observante,2014-11-30 23:00:01
self.Jokes,Sun Nov 30 16:28:33 2014 UTC,Bought some shoes from my drug dealer.,22,/r/Jokes,2651,/r/Jokes/comments/2nuoyl/bought_some_shoes_from_my_drug_dealer/,216,danilka69,2014-11-30 23:00:01
imgur.com,Sun Nov 30 21:25:25 2014 UTC,I went on Google Trends and searched Line Graph to be ironic... this is what I found [OC],23,/r/dataisbeautiful,1049,http://imgur.com/FRN5gVZ,92,XItsJustMeJerkX,2014-11-30 23:00:01
imgur.com,Mon Dec 1 00:31:47 2014 UTC,Its creepy How much I look like Salvador Dali's painting Portrait of my Dead Brother,24,/r/creepy,489,http://imgur.com/M8WxeaW,84,OddlyDrawnShapes,2014-11-30 23:00:01
self.Fitness,Sun Nov 30 21:35:24 2014 UTC,1.5 year back transformation with almost exclusively pull-ups,25,/r/Fitness,775,/r/Fitness/comments/2nvkl8/15_year_back_transformation_with_almost/,351,dingleyourdongle,2014-11-30 23:00:01
imgur.com,Sun Nov 30 15:14:26 2014 UTC,GIF: Nathan MacKinnon catches the puck on his stick after deflection (x-post r/hockey),26,/r/sports,2427,http://imgur.com/3n3cuII,150,maddscientist,2014-11-30 23:00:01
self.askscience,Sun Nov 30 15:37:28 2014 UTC,Which is faster gravity or light?,27,/r/askscience,2187,/r/askscience/comments/2nukm0/which_is_faster_gravity_or_light/,573,bazooked,2014-11-30 23:00:01
thefreethoughtproject.com,Sun Nov 30 17:04:31 2014 UTC,United: Black Gun Owners Protect White Owned Business During Ferguson Riots,28,/r/UpliftingNews,1608,http://thefreethoughtproject.com/united-black-gun-owners-protect-white-owned-business-ferguson-riots/#9GDDeXJgzhpbdtT4.16,218,ChaseMutley,2014-11-30 23:00:01
i.imgur.com,Sun Nov 30 18:37:58 2014 UTC,My deceased mother's high school senior picture '81. It's been four years since she lost her battle against thyroid cancer but she's missed every day. Especially around the holidays,29,/r/OldSchoolCool,1188,http://i.imgur.com/aANHGlv.jpg,92,jewishkimboslice,2014-11-30 23:00:01
theunbiasedreview.com,Sun Nov 30 12:35:57 2014 UTC,UK Police Accidentally Sent Documents Admitting To Spying On Journalists To Newspaper Asked Not To Publish,30,/r/nottheonion,3390,http://theunbiasedreview.com/?p=281,193,RothbardsGlasses,2014-11-30 23:00:01
youtube.com,Sun Nov 30 14:31:10 2014 UTC,Brother Ali - Forest Whitiker [hip-hop],31,/r/Music,2085,https://www.youtube.com/watch?v=6ScPoBEFl1Y,264,JuneauWho,2014-11-30 23:00:01
self.explainlikeimfive,Sun Nov 30 12:42:18 2014 UTC,ELI5:How were graphics able to improve on consoles like XboX 360 and PS3? The hardware didn't change at all but if you compare any 2006 or 2007 game to like GTA 5 you can see a big difference.,32,/r/explainlikeimfive,2879,/r/explainlikeimfive/comments/2nu9py/eli5how_were_graphics_able_to_improve_on_consoles/,1246,Tomxj,2014-11-30 23:00:01
futurism.co,Sun Nov 30 13:37:27 2014 UTC,This Week in Science: Evidence DNA Can Survive in Space Gigabit Laser Connections Converting Sawdust to Gasoline and More!,33,/r/Futurology,1586,http://www.futurism.co/wp-content/uploads/2014/11/science_nov30_14.jpg,120,Portis403,2014-11-30 23:00:01
imgur.com,Sun Nov 30 17:08:50 2014 UTC,Small portable speaker built for taking on camping trips and to the beach,34,/r/DIY,787,http://imgur.com/a/E8psm,215,TehEmperorOfLulz,2014-11-30 23:00:01
i.imgur.com,Sun Nov 30 16:05:39 2014 UTC,[Image] Be crazy.,35,/r/GetMotivated,938,http://i.imgur.com/5yClhWg.jpg,79,throwawaybecausedick,2014-11-30 23:00:01
youtube.com,Sun Nov 30 17:26:24 2014 UTC,The Great Happiness Space Tale of an Osaka Love Thief (2006) - explores the underground world of high-end Japanese clubs where attractive young men serve as escorts for wealthy female patrons. The depth and twists of the game are astonishing.,36,/r/Documentaries,692,https://www.youtube.com/watch?v=Q-eogVXEQBE,110,fiepie,2014-11-30 23:00:01
eunter.net,Sun Nov 30 15:41:47 2014 UTC,Poet Mark Strand Dead At Age 80 His Work Spanned Five Decades,37,/r/books,845,http://eunter.net/2014/11/poet-mark-strand-dead-at-age-80-his-work-spanned-five-decades/,50,Doctor_Heat,2014-11-30 23:00:01
yle.fi,Sun Nov 30 16:38:03 2014 UTC,75 years ago today Soviet Union started the invasion of Finland later to be called The Winter War. Here is a speech by the Finnish foreign minister Eljas Erkko directed to the Americans. [Site is in finnish just click play],38,/r/history,638,http://yle.fi/elavaarkisto/artikkelit/ulkoministerin_talvisotapuhe_49729.html#media=49731,129,Jipez,2014-11-30 23:00:01
self.personalfinance,Sun Nov 30 16:40:43 2014 UTC,PSA: Free Federal Tax Filing for Incomes Below $58k,39,/r/personalfinance,607,/r/personalfinance/comments/2nupzp/psa_free_federal_tax_filing_for_incomes_below_58k/,94,aBoglehead,2014-11-30 23:00:01
reality-info.com,Sun Nov 30 20:18:59 2014 UTC,The camera that 'stop bullets' mid-air: Device captures stunning shots of food being demolished in two millionths of a second,40,/r/gadgets,280,http://www.reality-info.com/2014/11/the-camera-that-stop-bullets-mid-air.html,65,melo666,2014-11-30 23:00:01
self.WritingPrompts,Sun Nov 30 14:57:30 2014 UTC,[WP] A man sues God because his insurance company won't pay for the damages done to his house in a storm. To his complete surprise and Horror God actually shows up.,41,/r/WritingPrompts,623,/r/WritingPrompts/comments/2nuhiu/wp_a_man_sues_god_because_his_insurance_company/,94,res30stupid,2014-11-30 23:00:01
self.TwoXChromosomes,Sun Nov 30 11:30:59 2014 UTC,I told my SO I was molested as a child. Then she told me she was also molested. Now she's thinking about leaving me. I need perspective please.,42,/r/TwoXChromosomes,1061,/r/TwoXChromosomes/comments/2nu6et/i_told_my_so_i_was_molested_as_a_child_then_she/,512,throwawaymyeverythin,2014-11-30 23:00:01
drugrehab.org,Sun Nov 30 15:41:56 2014 UTC,Creative interactive site that outlines the dangers in prescription drug abuse.,43,/r/InternetIsBeautiful,388,http://www.drugrehab.org/prescription-drug-abuse/,116,Mary8666,2014-11-30 23:00:01
youtube.com,Mon Dec 1 02:02:12 2014 UTC,Lil Dicky -- Sports [Rap] (2013),44,/r/listentothis,,https://www.youtube.com/watch?v=Wuay7LtcgDA,3,jetlifeatlxx,2014-11-30 23:00:01
self.philosophy,Sun Nov 30 15:44:56 2014 UTC,The implications of the non-existence of the 'self' for free will.,45,/r/philosophy,162,/r/philosophy/comments/2nul7x/the_implications_of_the_nonexistence_of_the_self/,191,khsdgkn,2014-11-30 23:00:01
globalnews.ca,Sun Nov 30 21:04:49 2014 UTC,Alberta pipeline spills 60000 litres of crude oil into muskeg,46,/r/worldnews,1273,http://globalnews.ca/news/1699902/alberta-pipeline-spills-60000-litres-of-crude-into-muskeg/,167,Tipsy_Fox,2014-11-30 23:00:01
imgur.com,Sun Nov 30 23:24:58 2014 UTC,I sees strawberry. I wants it.,47,/r/aww,1704,http://imgur.com/GPEmmI6,23,cutiepie36,2014-11-30 23:00:01
images.fineartamerica.com,Sun Nov 30 22:29:34 2014 UTC,Vera Ellen circa 1940s known for her role in White Christmas,48,/r/OldSchoolCool,531,http://images.fineartamerica.com/images-medium-large/vera-ellen-ca-1940s-everett.jpg,20,TRON-ALIVE,2014-11-30 23:00:01
twinbeard.com,Mon Dec 1 01:02:07 2014 UTC,A never-ending expanding Tetris game,49,/r/InternetIsBeautiful,60,http://twinbeard.com/140_futilitris,8,stevemiles1234,2014-11-30 23:00:01
i.imgur.com,Sun Nov 30 22:56:58 2014 UTC,It's not the size of the dog in the fight it's the size of the fight in the dog. [image],50,/r/GetMotivated,232,http://i.imgur.com/azCTuS0.jpg,2,Cardinal_FpS,2014-11-30 23:00:01
youtube.com,Sun Nov 30 15:14:09 2014 UTC,ProleteR - Stereosun [Instrumental Hip-Hop/Jazz-Hop] (2014),51,/r/listentothis,234,http://www.youtube.com/watch?list=PLYZo276aogTYAwD8RZWISHbDQWDQucEgn&src_vid=iY7vPQIw_jo&v=DGcv1AjS4FI,17,PinkFloydian01,2014-11-30 23:00:01
i.imgur.com,Sun Nov 30 23:00:12 2014 UTC,Danny Trejo on where he studied,52,/r/funny,3606,http://i.imgur.com/h3Z7iy7.jpg,299,winter_storm,2014-11-30 23:00:01
i.imgur.com,Sun Nov 30 20:34:14 2014 UTC,Birds with arms,53,/r/gifs,3069,http://i.imgur.com/vFN724q.gif,89,GallowBoob,2014-11-30 23:00:01
i.imgur.com,Mon Dec 1 00:28:52 2014 UTC,My fabulous grandparents on their date night in the 60's!,54,/r/OldSchoolCool,313,http://i.imgur.com/lX80HU3.jpg,13,Isayhitostrangers,2014-11-30 23:00:01
imgur.com,Sun Nov 30 20:57:54 2014 UTC,Found a picture of my Great-Grandfather (right) in Saipan from the 1930's..,55,/r/OldSchoolCool,569,http://imgur.com/DPQDuTX,59,skilling93,2014-11-30 23:00:01
self.tifu,Sun Nov 30 20:58:30 2014 UTC,TIFU by mistaking cum here for come here,56,/r/tifu,477,/r/tifu/comments/2nvglx/tifu_by_mistaking_cum_here_for_come_here/,132,PingPongPlaya17,2014-11-30 23:00:01
homelandsecuritynewswire.com,Sun Nov 30 13:22:51 2014 UTC,Washington State police overwhelmed by public requests for dash- and body-cam footage,57,/r/news,4211,http://www.homelandsecuritynewswire.com/dr20141127-washington-state-police-overwhelmed-by-public-requests-for-dash-and-bodycam-footage,1775,62FenderJazz,2014-11-30 23:00:01
i.imgur.com,Sun Nov 30 19:33:52 2014 UTC,My fav Civ. V review,58,/r/gaming,2753,http://i.imgur.com/9RU2T08.png,518,Benas360,2014-11-30 23:00:01
chickdickratio.com,Sun Nov 30 22:19:45 2014 UTC,A site that calculates the female-male ratio for Facebook events,59,/r/InternetIsBeautiful,76,http://chickdickratio.com/,18,Did_Not_Expect_That,2014-11-30 23:00:01
i.imgur.com,Sun Nov 30 20:43:22 2014 UTC,Amsterdam health warning to tourists. You will not be arrested for using drugs in Amsterdam,60,/r/pics,5600,http://i.imgur.com/vM5YdcC.jpg,2740,Never-On-Reddit,2014-11-30 23:00:01
i.imgur.com,Sun Nov 30 20:44:30 2014 UTC,I gave my Pomeranian a bath...and he went full meerkat,61,/r/funny,3936,http://i.imgur.com/togQZFh.jpg,132,Damaxan,2014-11-30 23:00:01
i.imgur.com,Mon Dec 1 01:21:44 2014 UTC,Bought a new 2ds today. Good guy Nintendo.,62,/r/gaming,801,http://i.imgur.com/6aoIRv7.jpg,78,NicoLafita,2014-11-30 23:00:01
i.imgur.com,Sun Nov 30 15:19:17 2014 UTC,1948 Custom Cadillac Sedan.,63,/r/OldSchoolCool,1236,http://i.imgur.com/n2ZoRvy.jpg,39,PrimalMusk,2014-11-30 23:00:01
i.imgur.com,Sun Nov 30 17:09:44 2014 UTC,One of the most badass SNES cartridges ever.,64,/r/gaming,3429,http://i.imgur.com/lqI6Faq.jpg,595,sebbysir,2014-11-30 23:00:01
i.imgur.com,Sun Nov 30 23:13:06 2014 UTC,Saw this in the back of a bar.,65,/r/creepy,328,http://i.imgur.com/YAnNnx9.jpg,17,P_Cray,2014-11-30 23:00:01
i.imgur.com,Sun Nov 30 20:11:15 2014 UTC,Finally my prayers have been answered.,66,/r/funny,4047,http://i.imgur.com/ELu62iB.jpg,447,RETROELECTRO,2014-11-30 23:00:01
i.imgur.com,Sun Nov 30 18:59:55 2014 UTC,Look at this for 30 seconds then look at your hand,67,/r/gifs,2752,http://i.imgur.com/nuw4gAG.gif,410,cake-is-good,2014-11-30 23:00:01
i.imgur.com,Sun Nov 30 20:59:44 2014 UTC,My daughters school has a very helpful grade legend...,68,/r/funny,3344,http://i.imgur.com/qstIskR.jpg,247,bustardo,2014-11-30 23:00:01
imgur.com,Sun Nov 30 16:02:08 2014 UTC,Accidentally created a camera hog now this happens when I try to take a photo.,69,/r/aww,3670,http://imgur.com/FLJwv37,501,spunwasi,2014-11-30 23:00:01
i.imgur.com,Sun Nov 30 20:32:56 2014 UTC,Seems like this guy really likes to party hard,70,/r/funny,3517,http://i.imgur.com/Oe94Jfg.jpg,37,sendale,2014-11-30 23:00:01
geeksofdoom.com,Sun Nov 30 19:50:55 2014 UTC,TIL after seeing Game of Thrones George R.R. Martin sent Jack Gleeson (the actor who plays Joffrey) a personal letter stating Congratulations on your marvelous performance everyone hates you.,71,/r/todayilearned,3449,http://www.geeksofdoom.com/2013/08/16/photo-proof-that-game-of-thrones-king-joffrey-actor-jack-gleeson-is-a-good-sport,771,Tsukamori,2014-11-30 23:00:01
youtube.com,Sun Nov 30 15:41:28 2014 UTC,Have you ever been drunk for this long?,72,/r/videos,2780,https://www.youtube.com/watch?v=OjTBctSRqi8,172,psychosnap,2014-11-30 23:00:01
bbc.com,Sun Nov 30 17:19:57 2014 UTC,Thousands of Russians have staged marches in Moscow and other cities in protest at health reforms which include plans to close hospitals and cut jobs,73,/r/worldnews,1343,http://www.bbc.com/news/world-europe-30269339,120,lukh,2014-11-30 23:00:01
i.imgur.com,Sun Nov 30 19:50:50 2014 UTC,I know why Scrubs was cancelled. JD found a job in a Saudi hospital.,74,/r/funny,3924,http://i.imgur.com/2MRNmCe.jpg,155,callmeturk,2014-11-30 23:00:01
i.imgur.com,Mon Dec 1 00:32:50 2014 UTC,Everytime I try to find a show on Netflix.,75,/r/funny,1719,http://i.imgur.com/u0nO4g4.jpg,95,Hyris,2014-11-30 23:00:01
tabforacause.org,Mon Dec 1 01:03:44 2014 UTC,Add-on that changes your new tab screen into an advertisements and donates the profits to a charity of your choice,76,/r/InternetIsBeautiful,36,http://tabforacause.org/?r=11093512,3,FaggusBlack,2014-11-30 23:00:01
liveleak.com,Sun Nov 30 18:30:56 2014 UTC,How to climb trees without branches (and get back down quickly),77,/r/videos,1630,http://www.liveleak.com/view?i=fbe_1416955895,71,CrowbarSka,2014-11-30 23:00:01
independent.co.uk,Sun Nov 30 14:17:59 2014 UTC,Student in Germany killed for helping harassed women. Really sad news very brave young woman.,78,/r/TwoXChromosomes,306,http://www.independent.co.uk/news/world/europe/tugce-albayrak-germany-pays-tribute-to-student-killed-for-helping-harassed-women-9892851.html,55,Wine79,2014-11-30 23:00:01
herocomplex.latimes.com,Sun Nov 30 18:23:07 2014 UTC,TIL Mattel made and sold Wonder Woman's invisible jet as a collectible. The package was an empty plastic shell with nothing inside and was originally intended as an April Fool's joke.,79,/r/todayilearned,4264,http://herocomplex.latimes.com/comic-con/comiccon-2010-wonder-woman-invisible-jet-mattel/,321,TheCheshireCody,2014-11-30 23:00:01
i.imgur.com,Mon Dec 1 00:33:31 2014 UTC,My roommate celebrates Christmas I celebrate Hanukkah...we decided to build a compromise.,80,/r/funny,1584,http://i.imgur.com/TCUxukG.jpg,47,mcsassy3,2014-11-30 23:00:01
youtu.be,Sun Nov 30 22:56:46 2014 UTC,This Officer had nearly perfect timing when throwing out stop sticks.,81,/r/videos,705,http://youtu.be/iuWN6bu7B0s?t=56s,144,Gamer_ely,2014-11-30 23:00:01
todayifoundout.com,Sun Nov 30 22:06:34 2014 UTC,TIL that the sons of Hitler's nephew made a pact to never have children thus ending Hitler's bloodline,82,/r/todayilearned,2049,http://www.todayifoundout.com/index.php/2013/10/end-hitlers-family-line-pact-sons-hitlers-nephew-never-children/,141,s0vs0v,2014-11-30 23:00:01
i.imgur.com,Sun Nov 30 15:50:54 2014 UTC,Went looking for Christmas trees and the puppy decided to dig herself a hole,83,/r/aww,3351,http://i.imgur.com/4rnQOfC.jpg,38,demolition22,2014-11-30 23:00:01
self.AskReddit,Sun Nov 30 21:00:14 2014 UTC,Reddit what parts of the Bible are completely ignored and never brought up?,84,/r/AskReddit,1103,/r/AskReddit/comments/2nvgsh/reddit_what_parts_of_the_bible_are_completely/,1487,NotKyle1,2014-11-30 23:00:01
i.imgur.com,Sun Nov 30 23:35:27 2014 UTC,[image] (of text?) Single mother passed away from cancer when I was 15. This has helped me to reach where I am today. Thought I'd share for anyone else struggling through tough times. (sorry for poor quality),85,/r/GetMotivated,103,http://i.imgur.com/rBcxuJv.jpg,12,Mlyfe9000,2014-11-30 23:00:01
imgur.com,Sun Nov 30 20:13:37 2014 UTC,How I fixed a bad connection in my car stereo auxiliary input.,86,/r/DIY,198,http://imgur.com/a/audD1,17,thesupremebeing,2014-11-30 23:00:01
i.imgur.com,Sun Nov 30 19:27:07 2014 UTC,Thought my dad's old 1980s business card holder was pretty hilarious.,87,/r/funny,3664,http://i.imgur.com/AS0zUlH.jpg,196,yellowsubmarie,2014-11-30 23:00:01
i.imgur.com,Sun Nov 30 15:00:19 2014 UTC,Almost stole him from my parents while visiting,88,/r/aww,3667,http://i.imgur.com/zYRJyiJ.jpg,145,Bortman321,2014-11-30 23:00:01
i.imgur.com,Sun Nov 30 15:48:12 2014 UTC,You said it Dr. Hildern!,89,/r/gaming,3407,http://i.imgur.com/XJddB7i.jpg,271,binshuffla,2014-11-30 23:00:01
i.imgur.com,Sun Nov 30 16:25:08 2014 UTC,Skating on very clear ice,90,/r/gifs,3448,http://i.imgur.com/KvoRMne.gif,144,Lobo2ffs,2014-11-30 23:00:01
i.imgur.com,Sun Nov 30 11:21:34 2014 UTC,[Image] Overcome those obstacles!,91,/r/GetMotivated,923,http://i.imgur.com/4y5hiya.jpg,33,chrissHxC,2014-11-30 23:00:01
self.nosleep,Sun Nov 30 13:36:40 2014 UTC,Green Thumb,92,/r/nosleep,364,/r/nosleep/comments/2nuchn/green_thumb/,24,HumanRoots,2014-11-30 23:00:01
youtu.be,Sun Nov 30 11:27:15 2014 UTC,World's Simplest Electric Train,93,/r/videos,4890,http://youtu.be/J9b0J29OzAU,988,8ruce,2014-11-30 23:00:01
i.imgur.com,Sun Nov 30 21:46:18 2014 UTC,Equivalent Exchange,94,/r/funny,2208,http://i.imgur.com/mk2ormi.png,54,Pikachooo,2014-11-30 23:00:01
m.youtube.com,Sun Nov 30 16:50:53 2014 UTC,Pantera - This Love [Metal],95,/r/Music,533,http://m.youtube.com/watch?v=tymWpEU8wpM,47,ThePlagueLives,2014-11-30 23:00:01
i.imgur.com,Sun Nov 30 14:31:07 2014 UTC,They must be newlyweds,96,/r/aww,3682,http://i.imgur.com/YjORvCY.jpg,119,DaHitcha,2014-11-30 23:00:01
i.imgur.com,Sun Nov 30 14:18:55 2014 UTC,My little sisters cat Aullie,97,/r/aww,3779,http://i.imgur.com/Tep1rYb.jpg,220,llamapopasquat,2014-11-30 23:00:01
youtube.com,Sun Nov 30 17:01:40 2014 UTC,Puppy wakes up to his favourite Frozen song,98,/r/videos,1658,https://www.youtube.com/watch?v=ezz2NqvlORY#t=34,125,Pokey_,2014-11-30 23:00:01
imgur.com,Mon Dec 1 03:04:03 2014 UTC,You have bought a slightly large shirt at the store here is a quick guide to slim it down.,99,/r/DIY,,http://imgur.com/a/pNcOK#0,14,Spencerforhire83,2014-11-30 23:00:01
i.imgur.com,Sun Nov 30 19:30:56 2014 UTC,No-shave-November.,100,/r/funny,3233,http://i.imgur.com/7SjFfre.jpg,1140,kinglouislxix,2014-11-30 23:00:01
